{
  "project_info": {
    "project_number": "890742925666",
    "project_id": "frequencia-de-ponto---proj-3",
    "storage_bucket": "frequencia-de-ponto---proj-3.appspot.com"
  },
  "client": [
    {
      "client_info": {
        "mobilesdk_app_id": "1:890742925666:android:9e48d984c88169bad3643b",
        "android_client_info": {
          "package_name": "com.app.projeto.app2_projeto_integrador_3"
        }
      },
      "oauth_client": [],
      "api_key": [
        {
          "current_key": "AIzaSyCo1czusCkk67KHECIz0IYOcBUunwYcj28"
        }
      ],
      "services": {
        "appinvite_service": {
          "other_platform_oauth_client": []
        }
      }
    },
    {
      "client_info": {
        "mobilesdk_app_id": "1:890742925666:android:4cce1b03be00e2c7d3643b",
        "android_client_info": {
          "package_name": "com.example.sistema_relogio_ponto_projeto_integrador_"
        }
      },
      "oauth_client": [],
      "api_key": [
        {
          "current_key": "AIzaSyCo1czusCkk67KHECIz0IYOcBUunwYcj28"
        }
      ],
      "services": {
        "appinvite_service": {
          "other_platform_oauth_client": []
        }
      }
    }
  ],
  "configuration_version": "1"
}